bucket,tokens,pct
sharegpt,86125732,86.12673709902194
openwebtext,9632645,9.632757414279025
unsafe,4205287,4.20533607627201
jlbrk,35169,0.03516941042701969
